{
  "test_speaker": "fridriksson01",
  "num_utterances": 282,
  "wer": 5.14388961892247,
  "awer": 5.14388961892247,
  "awer_pd": 5.14388961892247,
  "td_binary": 1.2535211267605635,
  "td_p": 1.105263157894737,
  "td_n": 1.0,
  "td_s": 1.4761904761904763,
  "td_all": 3.5814536340852134,
  "f1_p": 0.0,
  "f1_n": 0.0,
  "f1_s": 0.0
}